{
	"format_version": "1.8.0",
	"animations": {
		"idle": {
			"loop": true,
			"animation_length": 2.25,
			"bones": {
				"root": {
					"rotation": {
						"vector": [15, 0, 0]
					},
					"position": {
						"0.0": {
							"vector": [0, 0, 0]
						},
						"1.0": {
							"vector": [0, 0.2, 0]
						},
						"2.0": {
							"vector": [0, 0, 0]
						}
					}
				},
				"body": {
					"rotation": {
						"1.1667": {
							"vector": [5, 0, 0]
						},
						"1.25": {
							"vector": [-7.5, 0, 0]
						},
						"1.3333": {
							"vector": [5, 0, 0]
						}
					}
				},
				"head": {
					"rotation": {
						"1.875": {
							"vector": [-17.5, 0, 0]
						},
						"2.25": {
							"vector": [-17.5, -360, 0]
						}
					}
				},
				"rightArm": {
					"rotation": {
						"1.2083": {
							"vector": [-22.01816, 4.75113, 11.57518]
						},
						"1.2917": {
							"vector": [122.6594, 69.96733, 164.39029]
						},
						"1.375": {
							"vector": [-22.01816, 4.75113, 11.57518]
						}
					}
				},
				"leftArm": {
					"rotation": {
						"1.1667": {
							"vector": [-22.01816, -4.75113, -11.57518]
						},
						"1.25": {
							"vector": [45.04326, -57.30292, -101.314]
						},
						"1.3333": {
							"vector": [-22.01816, -4.75113, -11.57518]
						}
					}
				},
				"leftLeg": {
					"rotation": {
						"1.1667": {
							"vector": [0.0807, -22.49509, -10.23576]
						},
						"1.25": {
							"vector": [-22.4193, -22.49509, -10.23576]
						},
						"1.3333": {
							"vector": [0.0807, -22.49509, -10.23576]
						}
					},
					"position": {
						"vector": [0, 0, -0.9]
					}
				},
				"rightLeg": {
					"rotation": {
						"1.1667": {
							"vector": [-17.72891, 10.04892, 2.79735]
						},
						"1.25": {
							"vector": [-40.22891, 10.04892, 2.79735]
						},
						"1.3333": {
							"vector": [-17.72891, 10.04892, 2.79735]
						}
					},
					"position": {
						"vector": [-0.7, 0, -1.9]
					}
				},
				"clawsR": {
					"rotation": {
						"vector": [0, 0, -25]
					}
				},
				"clawsL": {
					"rotation": {
						"vector": [0, 0, 25]
					}
				}
			}
		},
		"walk": {
			"loop": true,
			"animation_length": 1.7902,
			"bones": {
				"root": {
					"rotation": {
						"vector": [15, 0, 0]
					},
					"position": {
						"vector": [0, 0, 0]
					}
				},
				"waist": {
					"rotation": {
						"0.0": {
							"vector": [0, 0, -2.5]
						},
						"0.4461": {
							"vector": [0, 0, 2.5]
						},
						"0.8922": {
							"vector": [0, 0, -2.5]
						},
						"1.3383": {
							"vector": [0, 0, 2.5]
						},
						"1.7844": {
							"vector": [0, 0, -2.5]
						}
					}
				},
				"body": {
					"rotation": {
						"vector": [5, 0, 0]
					}
				},
				"head": {
					"rotation": {
						"0.632": {
							"vector": [-17.5, 0, 0]
						},
						"0.6691": {
							"vector": [-186.44314, 1.93536, 95.90763]
						},
						"0.7063": {
							"vector": [-17.5, 0, 0]
						},
						"1.3011": {
							"vector": [-17.5, 0, 0]
						},
						"1.3383": {
							"vector": [-16.3601, 68.51072, 35.57347]
						},
						"1.3755": {
							"vector": [-17.5, 0, 0]
						}
					}
				},
				"rightArm": {
					"rotation": {
						"0.0": {
							"vector": [-69.43426, 7.67932, 7.04648]
						},
						"0.4461": {
							"vector": [35.35562, 3.18466, 10.82898]
						},
						"0.8922": {
							"vector": [-69.43426, 7.67932, 7.04648]
						},
						"1.3383": {
							"vector": [35.35562, 3.18466, 10.82898]
						},
						"1.7844": {
							"vector": [-69.43426, 7.67932, 7.04648]
						}
					}
				},
				"leftArm": {
					"rotation": {
						"0.0": {
							"vector": [35.24194, -1.01236, -12.40364]
						},
						"0.4461": {
							"vector": [-62.00323, -7.54903, -8.28029]
						},
						"0.8922": {
							"vector": [35.24194, -1.01236, -12.40364]
						},
						"1.3383": {
							"vector": [-62.00323, -7.54903, -8.28029]
						},
						"1.7844": {
							"vector": [35.24194, -1.01236, -12.40364]
						}
					}
				},
				"leftLeg": {
					"rotation": {
						"0.0": {
							"vector": [-33.36543, -20.04277, -8.43783]
						},
						"0.4461": {
							"vector": [20.0807, -22.49509, -10.23576]
						},
						"0.8922": {
							"vector": [-33.36543, -20.04277, -8.43783]
						},
						"1.3383": {
							"vector": [10.0807, -22.49509, -10.23576]
						},
						"1.7844": {
							"vector": [-33.36543, -20.04277, -8.43783]
						}
					},
					"position": {
						"0.0": {
							"vector": [0, 0, -1.9]
						},
						"0.4461": {
							"vector": [0, 0, -0.9]
						},
						"0.8922": {
							"vector": [0, 0, -1.9]
						},
						"1.3383": {
							"vector": [0, 0, -0.9]
						},
						"1.7844": {
							"vector": [0, 0, -1.9]
						}
					}
				},
				"rightLeg": {
					"rotation": {
						"0.0": {
							"vector": [23.80133, 9.83582, 4.48053]
						},
						"0.4461": {
							"vector": [-40.22891, 10.04892, 2.79735]
						},
						"0.8922": {
							"vector": [23.80133, 9.83582, 4.48053]
						},
						"1.3383": {
							"vector": [-27.72891, 10.04892, 2.79735]
						},
						"1.7844": {
							"vector": [23.80133, 9.83582, 4.48053]
						}
					},
					"position": {
						"0.0": {
							"vector": [-0.7, 0, -0.2]
						},
						"0.4461": {
							"vector": [-0.7, 0, -1.9]
						},
						"0.8922": {
							"vector": [-0.7, 0, -0.2]
						},
						"1.3383": {
							"vector": [-0.7, 0, -1.9]
						},
						"1.7844": {
							"vector": [-0.7, 0, -0.2]
						}
					}
				},
				"clawsR": {
					"rotation": {
						"vector": [0, 0, -25]
					}
				},
				"clawsL": {
					"rotation": {
						"vector": [0, 0, 25]
					}
				}
			}
		},
		"jumpscare": {
			"animation_length": 1.8333,
			"bones": {
				"root": {
					"rotation": {
						"0.0": {
							"vector": [15, 0, 0]
						},
						"0.2083": {
							"vector": [0, 0, 0]
						},
						"0.9167": {
							"vector": [0, 0, 0]
						},
						"1.3333": {
							"vector": [0, 0, 0]
						},
						"1.8333": {
							"vector": [15, 0, 0]
						}
					},
					"position": {
						"0.0": {
							"vector": [0, 0, 0]
						},
						"0.2083": {
							"vector": [0, 2, 15]
						},
						"0.25": {
							"vector": [0, 0, 15]
						},
						"0.8333": {
							"vector": [0, 0, 15]
						},
						"0.9167": {
							"vector": [0, 0, -15]
						},
						"1.3333": {
							"vector": [0, 0, -15]
						},
						"1.8333": {
							"vector": [0, 0, 0]
						}
					}
				},
				"body": {
					"rotation": {
						"1.3333": {
							"vector": [10, 0, 0]
						},
						"1.8333": {
							"vector": [5, 0, 0]
						}
					}
				},
				"head": {
					"rotation": {
						"0.0": {
							"vector": [-17.5, 0, 0]
						},
						"0.25": {
							"vector": [-8.26511, -24.77164, 3.48303]
						},
						"0.3333": {
							"vector": [-7.44987, -2.47876, 0.32904]
						},
						"0.4583": {
							"vector": [-7.44987, -2.47876, 0.32904]
						},
						"0.5": {
							"vector": [140.46899, 3.49808, 44.95267]
						},
						"0.5417": {
							"vector": [-7.44987, -2.47876, 0.32904]
						},
						"0.8333": {
							"vector": [-7.44987, -2.47876, 0.32904]
						},
						"0.9583": {
							"vector": [-7.84812, -0.13148, 17.67666]
						},
						"1.3333": {
							"vector": [-7.84812, -0.13148, 17.67666]
						},
						"1.8333": {
							"vector": [-17.5, 0, 0]
						}
					}
				},
				"rightArm": {
					"rotation": {
						"0.0": {
							"vector": [-22.01816, 4.75113, 11.57518]
						},
						"0.25": {
							"vector": [35.32082, 64.01219, 111.98486]
						},
						"0.4583": {
							"vector": [35.32082, 64.01219, 111.98486]
						},
						"0.5": {
							"vector": [-202.82695, 10.2393, -33.02568]
						},
						"0.5417": {
							"vector": [35.32082, 64.01219, 111.98486]
						},
						"0.8333": {
							"vector": [35.32082, 64.01219, 111.98486]
						},
						"0.9583": {
							"vector": [-82.58646, -28.02826, -24.07083]
						},
						"1.3333": {
							"vector": [-82.58646, -28.02826, -24.07083]
						},