{
	"format_version": "1.8.0",
	"animations": {
		"idle": {
			"loop": true,
			"animation_length": 0.7083,
			"bones": {
				"Memory": {
					"position": {
						"0.0": {
							"vector": [0, 0, 0]
						},
						"0.2917": {
							"vector": [0, -0.1, 0]
						},
						"0.375": {
							"vector": [0, -0.1, 0]
						},
						"0.7083": {
							"vector": [0, 0, 0]
						}
					}
				},
				"head": {
					"rotation": {
						"0.0": {
							"vector": [0, 0, 0]
						},
						"0.2917": {
							"vector": [1, 0, 0]
						},
						"0.375": {
							"vector": [1, 0, 0]
						},
						"0.7083": {
							"vector": [0, 0, 0]
						}
					}
				},
				"rightArm": {
					"rotation": {
						"0.0": {
							"vector": [-64, -47, 60]
						},
						"0.2917": {
							"vector": [-63, -50, 59]
						},
						"0.375": {
							"vector": [-63, -50, 59]
						},
						"0.7083": {
							"vector": [-64, -47, 60]
						}
					}
				},
				"leftArm": {
					"rotation": {
						"0.0": {
							"vector": [-96.6361, -36.39496, 74.32221]
						},
						"0.2917": {
							"vector": [-96.86271, -38.87765, 74.69321]
						},
						"0.375": {
							"vector": [-96.86271, -38.87765, 74.69321]
						},
						"0.7083": {
							"vector": [-96.6361, -36.39496, 74.32221]
						}
					}
				}
			}
		},
		"jumpscare": {
			"animation_length": 1.7917,
			"bones": {
				"rightArm": {
					"rotation": {
						"0.0": {
							"vector": [-64, -47, 60]
						},
						"0.2083": {
							"vector": [0, 0, 0]
						},
						"0.2917": {
							"vector": [0, 0, 0]
						},
						"0.875": {
							"vector": [-162, 0, 0]
						},
						"1.125": {
							"vector": [-16, -20, -20]
						},
						"1.25": {
							"vector": [-16, -20, -20]
						},
						"1.625": {
							"vector": [0, 0, 0]
						},
						"1.7917": {
							"vector": [-64, -47, 60]
						}
					}
				},
				"leftArm": {
					"rotation": {
						"0.0": {
							"vector": [-96, -36, 74]
						},
						"0.2083": {
							"vector": [0, 0, 0]
						},
						"1.25": {
							"vector": [0, 0, 0]
						},
						"1.625": {
							"vector": [-96, -36, 74]
						}
					}
				},
				"Memory": {
					"rotation": {
						"0.0": {
							"vector": [0, 0, 0]
						},
						"0.2083": {
							"vector": [-10, 0, 0]
						},
						"1.375": {
							"vector": [-10, 0, 0]
						},
						"1.625": {
							"vector": [0, 0, 0]
						}
					}
				},
				"head": {
					"rotation": {
						"0.2917": {
							"vector": [0, 0, 0]
						},
						"0.875": {
							"vector": [-10, 7.5, 0]
						},
						"1.1667": {
							"vector": [0, 0, 0]
						}
					}
				}
			}
		},
		"walk": {
			"loop": true,
			"animation_length": 0.7083,
			"bones": {
				"Memory": {
					"position": {
						"0.0": {
							"vector": [0, 0, 0]
						},
						"0.2917": {
							"vector": [0, -0.1, 0]
						},
						"0.4583": {
							"vector": [0, -0.1, 0]
						},
						"0.7083": {
							"vector": [0, 0, 0]
						}
					}
				},
				"head": {
					"rotation": {
						"0.0": {
							"vector": [0, 0, 0]
						},
						"0.2917": {
							"vector": [1, 0, 0]
						},
						"0.4583": {
							"vector": [1, 0, 0]
						},
						"0.7083": {
							"vector": [0, 0, 0]
						}
					}
				},
				"rightArm": {
					"rotation": {
						"0.0": {
							"vector": [-64, -47, 60]
						},
						"0.2917": {
							"vector": [-63, -50, 59]
						},
						"0.4583": {
							"vector": [-63, -50, 59]
						},
						"0.7083": {
							"vector": [-64, -47, 60]
						}
					}
				},
				"leftArm": {
					"rotation": {
						"0.0": {
							"vector": [-96.6361, -36.39496, 74.32221]
						},
						"0.2917": {
							"vector": [-96.86271, -38.87765, 74.69321]
						},
						"0.4583": {
							"vector": [-96.86271, -38.87765, 74.69321]
						},
						"0.7083": {
							"vector": [-96.6361, -36.39496, 74.32221]
						}
					}
				}
			}
		},
		"stun1": {
			"loop": true,
			"animation_length": 1.125,
			"bones": {
				"head": {
					"rotation": {
						"0.0": {
							"vector": [40, 0, 0]
						},
						"0.1667": {
							"vector": [40, 0, 0]
						},
						"0.25": {
							"vector": [40, 0, 15]
						},
						"0.3333": {
							"vector": [40, 0, 0]
						},
						"1.0833": {
							"vector": [40, 0, 0]
						}
					}
				}
			}
		}
	},
	"geckolib_format_version": 2
}